-- phpMyAdmin SQL Dump
-- version 4.5.1
-- http://www.phpmyadmin.net
--
-- Host: 127.0.0.1
-- Generation Time: Oct 23, 2018 at 06:21 PM
-- Server version: 10.1.9-MariaDB
-- PHP Version: 5.6.15

SET SQL_MODE = "NO_AUTO_VALUE_ON_ZERO";
SET time_zone = "+00:00";


/*!40101 SET @OLD_CHARACTER_SET_CLIENT=@@CHARACTER_SET_CLIENT */;
/*!40101 SET @OLD_CHARACTER_SET_RESULTS=@@CHARACTER_SET_RESULTS */;
/*!40101 SET @OLD_COLLATION_CONNECTION=@@COLLATION_CONNECTION */;
/*!40101 SET NAMES utf8mb4 */;

--
-- Database: `bk`
--

-- --------------------------------------------------------

--
-- Table structure for table `bio`
--

CREATE TABLE `bio` (
  `nisn` varchar(200) NOT NULL,
  `nis` varchar(40) NOT NULL,
  `kelas` varchar(255) NOT NULL,
  `nik` varchar(40) NOT NULL,
  `namel` varchar(255) NOT NULL,
  `tl` varchar(100) NOT NULL,
  `ttl` varchar(255) NOT NULL,
  `agama` varchar(20) NOT NULL,
  `alamat` longtext NOT NULL,
  `nopel` varchar(90) NOT NULL,
  `nope` varchar(90) NOT NULL,
  `email` varchar(255) NOT NULL,
  `fotoku` varchar(200) NOT NULL
) ENGINE=InnoDB DEFAULT CHARSET=latin1;

--
-- Dumping data for table `bio`
--

INSERT INTO `bio` (`nisn`, `nis`, `kelas`, `nik`, `namel`, `tl`, `ttl`, `agama`, `alamat`, `nopel`, `nope`, `email`, `fotoku`) VALUES
('000541200', '0644', '', '3511132205000001', 'Gilang', 'Banyuwangi', '22-May-2000', 'Islam', 'Jalan Skraa', '082228191006', '08976657507', 'grizqips@gmail.com', 'fotoku_000541200.JPG'),
('000541812', '0744', '', '3511052701000001', 'Muhammad Ilham', 'Banyuwangi', '03-Maret-2000', 'Islam', 'Jalan Koncer', '082228191006', '08980607669', 'ilhamgws@gmail.com', 'fotoku_000541812.JPG'),
('00054197381', '', '', '', '', '', '', '', '', '', '', '', ''),
('00054199997', '', '', '', '', '', '', '', '', '', '', '', ''),
('00069696969', '32525454223432', '', '3511132205000001', 'aaa', 'Banyuwangi', '12-April-2000', 'Islam', 'sdafeafevfevfevfer', '900885678565', '43665764767', 'Email', ''),
('0008765517', '', '', '', '', '', '', '', '', '', '', '', ''),
('12345', '', 'XII IPA 3', '3511132205000001', 'Gilang', 'Bondowoso', '22-Mei-2000', 'Islam', '', '', '', '', 'fotoku_12345.JPG'),
('123456', '', '', '', '', '', '', '', '', '', '', '', 'fotoku_123456.jpg'),
('3234553645', '', '', '', '', '', '', '', '', '', '', '', ''),
('32345536451', '', '', '', '', '', '', '', '', '', '', '', ''),
('88399348', '', '', '', '', '', '', '', '', '', '', '', ''),
('9000889', '34545', '', '54543563463565', 'hiiq', 'aasasasa', '28-Maret-2018', 'Islam', 'ewrewrewfesdfewfwer', '654766476', '5654654', '5465464', ''),
('90909090', '9090', '', '3511132205000001', 'Gilang', 'Banyuwangi', '10-Mei-2000', 'Islam', 'Jalan Skraa, dusun Skidi-pap-pap, kecamatan And-Poor-Poor-Boom, kabupaten Skyah', '900885678565', '43665764767', 'ya@ya.com', 'fotoku_90909090.JPG'),
('9928437', '', '', '', '', '', '', '', '', '', '', '', ''),
('99284371', '', '', '', '', '', '', '', '', '', '', '', ''),
('99900999', '', 'XII A 5', '3511052701000001', 'Sinyo', 'Banyuwangi', '22-Mei-2000', 'Islam', 'Jalan Skraaa', '082228191006', '08980607669', 'grizqips@gmail.com', 'fotoku_99900999.JPG');

-- --------------------------------------------------------

--
-- Table structure for table `fakultas`
--

CREATE TABLE `fakultas` (
  `id_fakultas` int(10) NOT NULL,
  `nama_fakultas` varchar(50) NOT NULL
) ENGINE=InnoDB DEFAULT CHARSET=latin1;

--
-- Dumping data for table `fakultas`
--

INSERT INTO `fakultas` (`id_fakultas`, `nama_fakultas`) VALUES
(1, 'UNIVERSITAS JEMBER'),
(2, 'UNIVERSITAS ISLAM NEGERI MALANG'),
(3, 'UNIVERSITAS NEGERI MALANG'),
(4, 'UNIVERSITAS BRAWIJAYA'),
(5, 'UNIVERSITAS TRUNOJOYO MADURA'),
(6, 'UPN "VETERAN" JAWA TIMUR'),
(7, 'UNIVERSITAS ISLAM NEGERI SUNAN AMPEL SURABAYA'),
(8, 'UNIVERSITAS NEGERI SURABAYA'),
(9, 'INSTITUT TEKNOLOGI SEPULUH NOPEMBER'),
(10, 'UNIVERSITAS AIRLANGGA'),
(11, 'UNIVERSITAS UDAYANA'),
(12, 'UNIVERSITAS PENDIDIKAN GANESHA'),
(13, 'UPN "VETERAN" YOGYAKARTA'),
(14, 'UNIVERSITAS ISLAM NEGERI SUNAN KALIJAGA'),
(15, 'UNIVERSITAS NEGERI YOGYAKARTA'),
(16, 'UNIVERSITAS GADJAH MADA'),
(17, 'UNIVERSITAS TIDAR'),
(18, 'UNIVERSITAS SEBELAS MARET'),
(19, 'UNIVERSITAS JENDERAL SOEDIRMAN'),
(20, 'UNIVERSITAS ISLAM NEGERI WALISONGO'),
(21, 'UNIVERSITAS NEGERI SEMARANG'),
(22, 'UNIVERSITAS DIPONEGORO'),
(23, 'UNIVERSITAS SINGAPERBANGSA KARAWANG'),
(24, 'UNIVERSITAS SILIWANGI'),
(25, 'UNIVERSITAS ISLAM NEGERI SUNAN GUNUNG DJATI'),
(26, 'INSTITUT TEKNOLOGI BANDUNG'),
(27, 'UNIVERSITAS PENDIDIKAN INDONESIA'),
(28, 'UNIVERSITAS PADJADJARAN'),
(29, 'INSTITUT PERTANIAN BOGOR');

-- --------------------------------------------------------

--
-- Table structure for table `jurusan`
--

CREATE TABLE `jurusan` (
  `id_fakultas` int(10) NOT NULL,
  `id_jurusan` int(10) NOT NULL,
  `nama_jurusan` varchar(50) NOT NULL
) ENGINE=InnoDB DEFAULT CHARSET=latin1;

--
-- Dumping data for table `jurusan`
--

INSERT INTO `jurusan` (`id_fakultas`, `id_jurusan`, `nama_jurusan`) VALUES
(1, 1, 'AGRIBISNIS'),
(1, 2, 'AGRONOMI'),
(1, 3, 'AGROTEKNOLOGI / AGROEKOTEKNOLOGI'),
(1, 4, 'BIOLOGI'),
(1, 5, 'FARMASI'),
(1, 6, 'FISIKA'),
(1, 7, 'ILMU KEPERAWATAN'),
(1, 8, 'ILMU PERTANIAN'),
(1, 9, 'ILMU TANAH'),
(1, 10, 'INFORMATIKA'),
(1, 11, 'KESEHATAN MASYARAKAT'),
(1, 12, 'KIMIA'),
(1, 13, 'MATEMATIKA'),
(1, 14, 'PENDIDIKAN BIOLOGI'),
(1, 15, 'PENDIDIKAN DOKTER'),
(1, 16, 'PENDIDIKAN DOKTER GIGI'),
(1, 17, 'PENDIDIKAN FISIKA'),
(1, 18, 'PENDIDIKAN IPA'),
(1, 19, 'PENDIDIKAN MATEMATIKA'),
(1, 20, 'PENYULUHAN PERTANIAN'),
(1, 21, 'PERENCANAAN WILAYAH DAN KOTA'),
(1, 22, 'PETERNAKAN'),
(1, 23, 'PROTEKSI TANAMAN'),
(1, 24, 'SISTEM INFORMASI'),
(1, 25, 'TEKNIK ELEKTRO'),
(1, 26, 'TEKNIK KIMIA'),
(1, 27, 'TEKNIK KONSTRUKSI PERKAPALAN'),
(1, 28, 'TEKNIK LINGKUNGAN'),
(1, 29, 'TEKNIK MESIN'),
(1, 30, 'TEKNIK PERTANIAN'),
(1, 31, 'TEKNIK SIPIL'),
(1, 32, 'TEKNOLOGI HASIL PERTANIAN'),
(1, 33, 'TEKNOLOGI INDUSTRI PERTANIAN'),
(1, 34, 'TEKNOLOGI INFORMASI'),
(1, 35, 'AKUNTANSI'),
(1, 36, 'EKONOMI PEMBANGUNAN'),
(1, 37, 'EKONOMI SYARIAH'),
(1, 38, 'EKONOMI SYARIAH KAMPUS BONDOWOSO'),
(1, 39, 'HUBUNGAN INTERNASIONAL'),
(1, 40, 'ILMU ADMINISTRASI BISNIS'),
(1, 41, 'ILMU ADMINISTRASI NEGARA'),
(1, 42, 'ILMU HUKUM'),
(1, 43, 'ILMU KESEJAHTERAAN SOSIAL'),
(1, 44, 'ILMU SEJARAH'),
(1, 45, 'MANAJEMEN'),
(1, 46, 'PEND GURU SEKOLAH DASAR KAMPUS BONDOWOSO'),
(1, 47, 'PENDIDIKAN BAHASA INGGRIS'),
(1, 48, 'PENDIDIKAN BHS & SASTRA INDO'),
(1, 49, 'PENDIDIKAN EKONOMI'),
(1, 50, 'PENDIDIKAN GEOGRAFI'),
(1, 51, 'PENDIDIKAN GURU SEKOLAH DASAR'),
(1, 52, 'PENDIDIKAN LUAR SEKOLAH'),
(1, 53, 'PENDIDIKAN SEJARAH'),
(1, 54, 'PG PAUD'),
(1, 55, 'SASTRA INDONESIA'),
(1, 56, 'SASTRA INGGRIS'),
(1, 57, 'SOSIOLOGI'),
(1, 58, 'TELEVISI & FILM'),
(2, 59, 'BIOLOGI'),
(2, 60, 'FARMASI'),
(2, 61, 'FISIKA'),
(2, 62, 'KIMIA'),
(2, 63, 'MATEMATIKA'),
(2, 64, 'PENDIDIKAN DOKTER'),
(2, 65, 'TEKNIK ARSITEKTUR'),
(2, 66, 'TEKNIK INFORMATIKA'),
(2, 67, 'AKUNTANSI'),
(2, 68, 'BAHASA DAN SASTRA INGGRIS'),
(2, 69, 'MANAJEMEN'),
(2, 70, 'PENDIDIKAN IPS'),
(2, 71, 'PSIKOLOGI'),
(3, 72, 'BIOLOGI'),
(3, 73, 'FISIKA'),
(3, 74, 'ILMU KEOLAHRAGAAN'),
(3, 75, 'ILMU KESEHATAN MASYARAKAT'),
(3, 76, 'KIMIA'),
(3, 77, 'MATEMATIKA'),
(3, 78, 'PENDIDIKAN BIOLOGI'),
(3, 79, 'PENDIDIKAN FISIKA'),
(3, 80, 'PENDIDIKAN ILMU PENGETAHUAN ALAM'),
(3, 81, 'PENDIDIKAN KIMIA'),
(3, 82, 'PENDIDIKAN MATEMATIKA'),
(3, 83, 'PENDIDIKAN TEKNIK BANGUNAN'),
(3, 84, 'PENDIDIKAN TEKNIK ELEKTRO'),
(3, 85, 'PENDIDIKAN TEKNIK INFORMATIKA'),
(3, 86, 'PENDIDIKAN TEKNIK MESIN'),
(3, 87, 'PENDIDIKAN TEKNIK OTOMOTIF'),
(3, 88, 'TEKNIK ELEKTRO'),
(3, 89, 'TEKNIK INDUSTRI'),
(3, 90, 'TEKNIK INFORMATIKA'),
(3, 91, 'TEKNIK MESIN'),
(3, 92, 'TEKNIK SIPIL'),
(3, 93, 'ADMINISTRASI PENDIDIKAN'),
(3, 94, 'AKUNTANSI'),
(3, 95, 'BAHASA DAN SASTRA INDONESIA'),
(3, 96, 'BAHASA DAN SASTRA INGGRIS'),
(3, 97, 'BIMBINGAN DAN KONSELING'),
(3, 98, 'DESAIN KOMUNIKASI VISUAL'),
(3, 99, 'EKONOMI DAN STUDI PEMBANGUNAN'),
(3, 100, 'GEOGRAFI'),
(3, 101, 'ILMU PERPUSTAKAAN'),
(3, 102, 'ILMU SEJARAH'),
(3, 103, 'MANAJEMEN'),
(3, 104, 'PEND. BAHASA, SASTRA INDONESIA & DAERAH'),
(3, 105, 'PENDIDIKAN ADMINISTRASI PERKANTORAN'),
(3, 106, 'PENDIDIKAN AKUNTANSI'),
(3, 107, 'PENDIDIKAN BAHASA ARAB'),
(3, 108, 'PENDIDIKAN BAHASA INGGRIS'),
(3, 109, 'PENDIDIKAN BAHASA JERMAN'),
(3, 110, 'PENDIDIKAN BAHASA MANDARIN'),
(3, 111, 'PENDIDIKAN EKONOMI'),
(3, 112, 'PENDIDIKAN GEOGRAFI'),
(3, 113, 'PENDIDIKAN GURU PEND. ANAK USIA DINI'),
(3, 114, 'PENDIDIKAN GURU SEKOLAH DASAR'),
(3, 115, 'PENDIDIKAN ILMU PENGETAHUAN SOSIAL'),
(3, 116, 'PENDIDIKAN JASMANI DAN KESEHATAN'),
(3, 117, 'PENDIDIKAN KEPELATIHAN OLAHRAGA'),
(3, 118, 'PENDIDIKAN LUAR BIASA'),
(3, 119, 'PENDIDIKAN LUAR SEKOLAH'),
(3, 120, 'PENDIDIKAN PANCASILA DAN KEWARGANEGARAAN'),
(3, 121, 'PENDIDIKAN SEJARAH'),
(3, 122, 'PENDIDIKAN SENI RUPA'),
(3, 123, 'PENDIDIKAN SENI TARI DAN MUSIK'),
(3, 124, 'PENDIDIKAN SOSIOLOGI'),
(3, 125, 'PENDIDIKAN TATA BOGA'),
(3, 126, 'PENDIDIKAN TATA BUSANA'),
(3, 127, 'PENDIDIKAN TATA NIAGA'),
(3, 128, 'PSIKOLOGI'),
(3, 129, 'TEKNOLOGI PENDIDIKAN'),
(4, 130, 'AGRIBISNIS'),
(4, 131, 'AGROBISNIS PERIKANAN'),
(4, 132, 'AGROEKOTEKNOLOGI'),
(4, 133, 'ARSITEKTUR'),
(4, 134, 'BIOLOGI'),
(4, 135, 'BIOTEKNOLOGI'),
(4, 136, 'BUDIDAYA PERAIRAN'),
(4, 137, 'FARMASI'),
(4, 138, 'FISIKA'),
(4, 139, 'GIZI KESEHATAN / ILMU GIZI'),
(4, 140, 'ILMU DAN TEKNOLOGI PANGAN'),
(4, 141, 'ILMU KELAUTAN'),
(4, 142, 'ILMU KEPERAWATAN'),
(4, 143, 'INSTRUMENTASI'),
(4, 144, 'KEBIDANAN'),
(4, 145, 'KETEKNIKAN PERTANIAN'),
(4, 146, 'KIMIA'),
(4, 147, 'MANAJEMEN SUMBERDAYA PERAIRAN'),
(4, 148, 'MATEMATIKA'),
(4, 149, 'PEMANFAATAN SUMBERDAYA PERIKANAN'),
(4, 150, 'PENDIDIKAN DOKTER'),
(4, 151, 'PENDIDIKAN DOKTER GIGI'),
(4, 152, 'PENDIDIKAN DOKTER HEWAN'),
(4, 153, 'PENDIDIKAN TEKNOLOGI INFORMASI'),
(4, 154, 'PERENCANAAN WILAYAH & KOTA'),
(4, 155, 'PETERNAKAN'),
(4, 156, 'SISTEM INFORMASI'),
(4, 157, 'STATISTIKA'),
(4, 158, 'TEKNIK ELEKTRO'),
(4, 159, 'TEKNIK GEOFISIKA'),
(4, 160, 'TEKNIK INDUSTRI'),
(4, 161, 'TEKNIK INFORMATIKA'),
(4, 162, 'TEKNIK KIMIA'),
(4, 163, 'TEKNIK KOMPUTER'),
(4, 164, 'TEKNIK LINGKUNGAN'),
(4, 165, 'TEKNIK MESIN'),
(4, 166, 'TEKNIK PENGAIRAN'),
(4, 167, 'TEKNIK SIPIL'),
(4, 168, 'TEKNOLOGI BIOPROSES'),
(4, 169, 'TEKNOLOGI HASIL PERIKANAN'),
(4, 170, 'TEKNOLOGI INDUSTRI PERTANIAN'),
(4, 171, 'TEKNOLOGI INFORMASI'),
(4, 172, 'ADMINISTRASI PENDIDIKAN'),
(4, 173, 'ADMINISTRASI PERPAJAKAN'),
(4, 174, 'AKUNTANSI'),
(4, 175, 'ANTROPOLOGI SOSIAL'),
(4, 176, 'BAHASA DAN SASTRA PERANCIS'),
(4, 177, 'EKONOMI ISLAM'),
(4, 178, 'EKONOMI, KEUANGAN DAN PERBANKAN'),
(4, 179, 'EKONOMI PEMBANGUNAN'),
(4, 180, 'HUBUNGAN INTERNASIONAL'),
(4, 181, 'ILMU ADMINISTRASI BISNIS'),
(4, 182, 'ILMU ADMINISTRASI PUBLIK'),
(4, 183, 'ILMU HUKUM'),
(4, 184, 'ILMU KOMUNIKASI'),
(4, 185, 'ILMU PEMERINTAHAN'),
(4, 186, 'ILMU PERPUSTAKAAN'),
(4, 187, 'ILMU POLITIK'),
(4, 188, 'KEWIRAUSAHAAN'),
(4, 189, 'MANAJEMEN'),
(4, 190, 'PARIWISATA'),
(4, 191, 'PENDIDIKAN BHS & SASTRA INDONESIA'),
(4, 192, 'PENDIDIKAN BHS & SASTRA INGGRIS'),
(4, 193, 'PENDIDIKAN BHS & SASTRA JEPANG'),
(4, 194, 'PSIKOLOGI'),
(4, 195, 'SASTRA CINA'),
(4, 196, 'SASTRA INGGRIS'),
(4, 197, 'SASTRA JEPANG'),
(4, 198, 'SENI RUPA MURNI'),
(4, 199, 'SOSIOLOGI'),
(5, 200, 'AGRIBISNIS'),
(5, 201, 'AGROEKOTEKNOLOGI'),
(5, 202, 'ILMU KELAUTAN'),
(5, 203, 'MANAJEMEN SUMBERDAYA PERAIRAN'),
(5, 204, 'PENDIDIKAN ILMU PENGETAHUAN ALAM'),
(5, 205, 'PENDIDIKAN INFORMATIKA'),
(5, 206, 'SISTEM INFORMASI'),
(5, 207, 'TEKNIK ELEKTRO'),
(5, 208, 'TEKNIK INDUSTRI'),
(5, 209, 'TEKNIK INFORMATIKA'),
(5, 210, 'TEKNIK MEKATRONIKA'),
(5, 211, 'TEKNIK MESIN'),
(5, 212, 'TEKNOLOGI INDUSTRI PERTANIAN'),
(5, 213, 'AKUNTANSI'),
(5, 214, 'EKONOMI PEMBANGUNAN'),
(5, 215, 'EKONOMI SYARIAH'),
(5, 216, 'HUKUM BISNIS SYARIAH'),
(5, 217, 'ILMU HUKUM'),
(5, 218, 'ILMU KOMUNIKASI'),
(5, 219, 'MANAJEMEN'),
(5, 220, 'PENDIDIKAN BAHASA DAN SASTRA INDONESIA'),
(5, 221, 'PENDIDIKAN GURU ANAK USIA DINI'),
(5, 222, 'PGSD'),
(5, 223, 'PSIKOLOGI'),
(5, 224, 'SASTRA INGGRIS'),
(5, 225, 'SOSIOLOGI'),
(6, 226, 'AGRIBISNIS'),
(6, 227, 'AGROTEKNOLOGI'),
(6, 228, 'ARSITEKTUR'),
(6, 229, 'DESAIN KOMUNIKASI VISUAL'),
(6, 230, 'SISTEM INFORMASI'),
(6, 231, 'TEKNIK INDUSTRI'),
(6, 232, 'TEKNIK INFORMATIKA'),
(6, 233, 'TEKNIK KIMIA'),
(6, 234, 'TEKNIK LINGKUNGAN'),
(6, 235, 'TEKNIK SIPIL'),
(6, 236, 'TEKNOLOGI PANGAN'),
(6, 237, 'ADMINISTRASI BISNIS/NIAGA'),
(6, 238, 'ADMINISTRASI NEGARA'),
(6, 239, 'AKUNTANSI'),
(6, 240, 'EKONOMI PEMBANGUNAN'),
(6, 241, 'ILMU HUBUNGAN INTERNASIONAL'),
(6, 242, 'ILMU HUKUM'),
(6, 243, 'ILMU KOMUNIKASI'),
(6, 244, 'MANAJEMEN'),
(7, 245, 'ARSITEKTUR'),
(7, 246, 'BIOLOGI'),
(7, 247, 'ILMU KELAUTAN'),
(7, 248, 'MATEMATIKA'),
(7, 249, 'PENDIDIKAN MATEMATIKA'),
(7, 250, 'SISTEM INFORMASI'),
(7, 251, 'TEKNIK LINGKUNGAN'),
(7, 252, 'AKUNTANSI'),
(7, 253, 'HUBUNGAN INTERNASIONAL'),
(7, 254, 'ILMU EKONOMI'),
(7, 255, 'ILMU KOMUNIKASI'),
(7, 256, 'ILMU POLITIK'),
(7, 257, 'MANAJEMEN'),
(7, 258, 'PENDIDIKAN BAHASA INGGRIS'),
(7, 259, 'PSIKOLOGI'),
(7, 260, 'SASTRA INGGRIS'),
(7, 261, 'SOSIOLOGI'),
(8, 262, 'BIOLOGI'),
(8, 263, 'FISIKA'),
(8, 264, 'GIZI'),
(8, 265, 'ILMU KEOLAHRAGAAN'),
(8, 266, 'KIMIA'),
(8, 267, 'MATEMATIKA'),
(8, 268, 'PEND. BIOLOGI'),
(8, 269, 'PEND. FISIKA'),
(8, 270, 'PENDIDIKAN TEKNOLOGI INFORMASI'),
(8, 271, 'PEND. KIMIA'),
(8, 272, 'PEND. MATEMATIKA'),
(8, 273, 'PEND. SAINS'),
(8, 274, 'PEND. TEKNIK BANGUNAN'),
(8, 275, 'PEND. TEKNIK ELEKTRO'),
(8, 276, 'PEND. TEKNIK MESIN'),
(8, 277, 'SISTEM INFORMASI'),
(8, 278, 'TEKNIK ELEKTRO'),
(8, 279, 'TEKNIK INFORMATIKA'),
(8, 280, 'TEKNIK MESIN'),
(8, 281, 'TEKNIK SIPIL'),
(8, 282, 'AKUNTANSI'),
(8, 283, 'DESAIN KOMUNIKASI VISUAL'),
(8, 284, 'EKONOMI'),
(8, 285, 'EKONOMI ISLAM'),
(8, 286, 'ILMU ADMINISTRASI NEGARA'),
(8, 287, 'ILMU HUKUM'),
(8, 288, 'ILMU KOMUNIKASI'),
(8, 289, 'KURIKULUM DAN TEKNOLOGI PENDIDIKAN'),
(8, 290, 'MANAJEMEN'),
(8, 291, 'MANAJEMEN PENDIDIKAN'),
(8, 292, 'P. BAHASA DAERAH (JAWA)'),
(8, 293, 'P. BAHASA DAN SASTRA INDONESIA'),
(8, 294, 'P. BAHASA INGGRIS'),
(8, 295, 'P. BAHASA JEPANG'),
(8, 296, 'P. BAHASA JERMAN'),
(8, 297, 'P. EKONOMI'),
(8, 298, 'PEND. ADM. PERKANTORAN'),
(8, 299, 'PEND. AKUNTANSI'),
(8, 300, 'PEND. BAHASA MANDARIN'),
(8, 301, 'PENDIDIKAN LUAR SEKOLAH'),
(8, 302, 'PEND. ILMU PENGETAHUAN SOSIAL'),
(8, 303, 'PENDI. LUAR BIASA'),
(8, 304, 'PEND. JASMANI, KESEHATAN DAN REKREASI'),
(8, 305, 'PEND. KEPELATIHAN OLAHRAGA'),
(8, 306, 'PEND. PANCASILA DAN KEWARGANEGARAAN'),
(8, 307, 'PEND. SEJARAH'),
(8, 308, 'PEND. TATA BOGA'),
(8, 309, 'PEND. TATA BUSANA'),
(8, 310, 'PEND. TATA NIAGA'),
(8, 311, 'PEND. TATA RIAS'),
(8, 312, 'P. GEOGRAFI'),
(8, 313, 'PG-PAUD'),
(8, 314, 'PGSD'),
(8, 315, 'P. SENDRATASIK'),
(8, 316, 'P. SENI RUPA'),
(8, 317, 'PSIKOLOGI'),
(8, 318, 'PSIKOLOGI PENDIDIKAN DAN BIMBINGAN'),
(8, 319, 'SASTRA INDONESIA'),
(8, 320, 'SASTRA INGGRIS'),
(8, 321, 'SASTRA JERMAN'),
(8, 322, 'SENI MUSIK'),
(8, 323, 'SENI RUPA MURNI'),
(8, 324, 'SOSIOLOGI'),
(9, 325, 'ARSITEKTUR'),
(9, 326, 'BIOLOGI'),
(9, 327, 'DESAIN INTERIOR'),
(9, 328, 'DESAIN KOMUNIKASI VISUAL'),
(9, 329, 'DESAIN PRODUK INDUSTRI'),
(9, 330, 'FISIKA'),
(9, 331, 'INFORMATIKA'),
(9, 332, 'KIMIA'),
(9, 333, 'MATEMATIKA'),
(9, 334, 'PERENCANAAN WILAYAH DAN KOTA'),
(9, 335, 'SAINS AKTUARIA'),
(9, 336, 'SISTEM INFORMASI'),
(9, 337, 'STATISTIKA'),
(9, 338, 'TEKNIK BIOMEDIK'),
(9, 339, 'TEKNIK ELEKTRO'),
(9, 340, 'TEKNIK FISIKA'),
(9, 341, 'TEKNIK GEOFISIKA'),
(9, 342, 'TEKNIK GEOMATIKA'),
(9, 343, 'TEKNIK INDUSTRI'),
(9, 344, 'TEKNIK KELAUTAN'),
(9, 345, 'TEKNIK KIMIA'),
(9, 346, 'TEKNIK KOMPUTER'),
(9, 347, 'TEKNIK LINGKUNGAN'),
(9, 348, 'TEKNIK MATERIAL'),
(9, 349, 'TEKNIK MESIN'),
(9, 350, 'TEKNIK PERKAPALAN'),
(9, 351, 'TEKNIK SIPIL'),
(9, 352, 'TEKNIK SISTEM PERKAPALAN'),
(9, 353, 'TEKNIK TRANSPORTASI LAUT'),
(9, 354, 'TEKNOLOGI INFORMASI'),
(9, 355, 'TEK. SIST PERKAPALAN (GLR GANDA ITS-JERMAN)'),
(9, 356, 'MANAJEMEN BISNIS'),
(10, 357, 'BIOLOGI'),
(10, 358, 'BUDIDAYA PERAIRAN'),
(10, 359, 'BUDIDAYA PERAIRAN (PSDKU BANYUWANGI)'),
(10, 360, 'FISIKA'),
(10, 361, 'ILMU DAN TEKNOLOGI LINGKUNGAN'),
(10, 362, 'ILMU GIZI'),
(10, 363, 'KEDOKTERAN HEWAN'),
(10, 364, 'KESEHATAN MASYARAKAT'),
(10, 365, 'KESEHATAN MASYARAKAT (PSDKU BANYUWANGI)'),
(10, 366, 'KIMIA'),
(10, 367, 'MATEMATIKA'),
(10, 368, 'Pendidikan Apoteker'),
(10, 369, 'Pendidikan Bidan'),
(10, 370, 'PENDIDIKAN DOKTER'),
(10, 371, 'PENDIDIKAN DOKTER GIGI'),
(10, 372, 'PENDIDIKAN DOKTER HEWAN (PSDKU BANYUWANGI)'),
(10, 373, 'Pendidikan Ners'),
(10, 374, 'SISTEM INFORMASI'),
(10, 375, 'Statistika'),
(10, 376, 'TEKNOBIOMEDIK'),
(10, 377, 'TEKNOLOGI INDUSTRI HASIL PERIKANAN'),
(10, 378, 'AKUNTANSI'),
(10, 379, 'AKUNTANSI (PSDKU BANYUWANGI)'),
(10, 380, 'ANTROPOLOGI SOSIAL'),
(10, 381, 'EKONOMI ISLAM'),
(10, 382, 'EKONOMI PEMBANGUNAN'),
(10, 383, 'ILMU ADMINISTRASI NEGARA'),
(10, 384, 'ILMU HUBUNGAN INTERNASIONAL'),
(10, 385, 'ILMU HUKUM'),
(10, 386, 'ILMU INFORMASI DAN PERPUSTAKAAN'),
(10, 387, 'ILMU KOMUNIKASI'),
(10, 388, 'ILMU POLITIK'),
(10, 389, 'ILMU SEJARAH'),
(10, 390, 'MANAJEMEN'),
(10, 391, 'PSIKOLOGI'),
(10, 392, 'SASTRA INDONESIA'),
(10, 393, 'SASTRA INGGRIS'),
(10, 394, 'SASTRA JEPANG'),
(10, 395, 'SOSIOLOGI'),
(11, 396, 'AGRIBISNIS'),
(11, 397, 'AGROEKOTEKNOLOGI'),
(11, 398, 'ARSITEKTUR PERTAMANAN'),
(11, 399, 'BIOLOGI'),
(11, 400, 'FARMASI'),
(11, 401, 'FISIKA'),
(11, 402, 'FISIOTERAPI'),
(11, 403, 'ILMU DAN TEKNOLOGI PANGAN'),
(11, 404, 'ILMU KELAUTAN'),
(11, 405, 'ILMU KEPERAWATAN'),
(11, 406, 'ILMU KESEHATAN MASYARAKAT'),
(11, 407, 'ILMU KOMPUTER/TEKNIK INFORMATIKA'),
(11, 408, 'KEDOKTERAN HEWAN'),
(11, 409, 'KIMIA'),
(11, 410, 'MANAJEMEN SUMBER DAYA PERAIRAN'),
(11, 411, 'MATEMATIKA'),
(11, 412, 'PENDIDIKAN DOKTER'),
(11, 413, 'PENDIDIKAN DOKTER GIGI'),
(11, 414, 'PETERNAKAN'),
(11, 415, 'TEKNIK ARSITEKTUR'),
(11, 416, 'TEKNIK ELEKTRO'),
(11, 417, 'TEKNIK MESIN'),
(11, 418, 'TEKNIK PERTANIAN'),
(11, 419, 'TEKNIK SIPIL'),
(11, 420, 'TEKNOLOGI INDUSTRI PERTANIAN'),
(11, 421, 'TEKNOLOGI INFORMASI'),
(11, 422, 'ADMINISTRASI NEGARA'),
(11, 423, 'AKUNTANSI'),
(11, 424, 'ANTROPOLOGI BUDAYA'),
(11, 425, 'ARKEOLOGI'),
(11, 426, 'DESTINASI PARIWISATA'),
(11, 427, 'EKONOMI PEMBANGUNAN'),
(11, 428, 'HUBUNGAN INTERNASIONAL'),
(11, 429, 'ILMU HUKUM'),
(11, 430, 'ILMU KOMUNIKASI'),
(11, 431, 'ILMU POLITIK'),
(11, 432, 'ILMU SEJARAH'),
(11, 433, 'INDUSTRI PERJALANAN WISATA'),
(11, 434, 'MANAJEMEN'),
(11, 435, 'PSIKOLOGI'),
(11, 436, 'SASTRA DAERAH JAWA KUNA'),
(11, 437, 'SASTRA DAERAH UNTUK SASTRA BALI'),
(11, 438, 'SASTRA INDONESIA'),
(11, 439, 'SASTRA INGGRIS'),
(11, 440, 'SASTRA JEPANG'),
(11, 441, 'SOSIOLOGI'),
(12, 442, 'AKUAKULTUR'),
(12, 443, 'BIOLOGI'),
(12, 444, 'ILMU KEOLAHRAGAAN'),
(12, 445, 'KIMIA'),
(12, 446, 'MATEMATIKA'),
(12, 447, 'PENDIDIKAN BIOLOGI'),
(12, 448, 'PENDIDIKAN FISIKA'),
(12, 449, 'PENDIDIKAN IPA'),
(12, 450, 'PENDIDIKAN KIMIA'),
(12, 451, 'PENDIDIKAN MATEMATIKA'),
(12, 452, 'PENDIDIKAN TEKNIK ELEKTRO'),
(12, 453, 'PENDIDIKAN TEKNIK INFORMATIKA'),
(12, 454, 'PENDIDIKAN TEKNIK MESIN'),
(12, 455, 'SISTEM INFORMASI'),
(12, 456, 'AKUNTANSI'),
(12, 457, 'BIMBINGAN KONSELING'),
(12, 458, 'ILMU HUKUM'),
(12, 459, 'MANAJEMEN'),
(12, 460, 'PEND. BAHASA JEPANG'),
(12, 461, 'PENDIDIKAN BAHASA BALI'),
(12, 462, 'PENDIDIKAN BAHASA DAN SASTRA INDONESIA'),
(12, 463, 'PENDIDIKAN BAHASA INGGRIS'),
(12, 464, 'PENDIDIKAN EKONOMI'),
(12, 465, 'PENDIDIKAN GEOGRAFI'),
(12, 466, 'PENDIDIKAN GURU ANAK USIA DINI'),
(12, 467, 'PENDIDIKAN GURU SEKOLAH DASAR'),
(12, 468, 'PENDIDIKAN JASMANI KESEHATAN DAN REKREASI'),
(12, 469, 'PENDIDIKAN KEPELATIHAN OLAHRAGA'),
(12, 470, 'PENDIDIKAN KESEJAHTERAAN KELUARGA'),
(12, 471, 'PENDIDIKAN PANCASILA DAN KEWARGANEGARAAN'),
(12, 472, 'PENDIDIKAN SEJARAH'),
(12, 473, 'PENDIDIKAN SENI RUPA'),
(12, 474, 'PENDIDIKAN SOSIOLOGI'),
(12, 475, 'TEKNOLOGI PENDIDIKAN'),
(13, 477, 'AGROTEKNOLOGI'),
(13, 478, 'ILMU TANAH'),
(13, 479, 'METALURGI'),
(13, 480, 'SISTEM INFORMASI'),
(13, 481, 'TEKNIK GEOFISIKA'),
(13, 482, 'TEKNIK GEOLOGI'),
(13, 483, 'TEKNIK INDUSTRI'),
(13, 484, 'TEKNIK INFORMATIKA'),
(13, 485, 'TEKNIK KIMIA'),
(13, 486, 'TEKNIK LINGKUNGAN'),
(13, 487, 'TEKNIK PERMINYAKAN'),
(13, 488, 'TEKNIK PERTAMBANGAN'),
(13, 489, 'AKUNTANSI'),
(13, 490, 'EKONOMI PEMBANGUNAN'),
(13, 491, 'HUBUNGAN MASYARAKAT'),
(13, 492, 'ILMU ADMINISTRASI BISNIS'),
(13, 493, 'ILMU HUBUNGAN INTERNASIONAL'),
(13, 494, 'ILMU KOMUNIKASI'),
(13, 495, 'MANAJEMEN'),
(14, 496, 'BIOLOGI'),
(14, 497, 'FISIKA'),
(14, 498, 'KIMIA'),
(14, 499, 'MATEMATIKA'),
(14, 500, 'PENDIDIKAN BIOLOGI'),
(14, 501, 'PENDIDIKAN FISIKA'),
(14, 502, 'PENDIDIKAN KIMIA'),
(14, 503, 'PENDIDIKAN MATEMATIKA'),
(14, 504, 'TEKNIK INDUSTRI'),
(14, 505, 'TEKNIK INFORMATIKA'),
(14, 506, 'ILMU HUKUM (IH)'),
(14, 507, 'ILMU KESEJAHTERAAN SOSIAL (IKS)'),
(14, 508, 'ILMU KOMUNIKASI'),
(14, 509, 'ILMU PERPUSTAKAAN (IP)'),
(14, 510, 'PSIKOLOGI'),
(14, 511, 'SASTRA INGGRIS (SI)'),
(14, 512, 'SOSIOLOGI'),
(15, 513, 'BIOLOGI'),
(15, 514, 'FISIKA'),
(15, 515, 'ILMU KEOLAHRAGAAN'),
(15, 516, 'KIMIA'),
(15, 517, 'MATEMATIKA'),
(15, 518, 'PENDIDIKAN BIOLOGI'),
(15, 519, 'PENDIDIKAN FISIKA'),
(15, 520, 'PENDIDIKAN IPA'),
(15, 521, 'PENDIDIKAN KIMIA'),
(15, 522, 'PENDIDIKAN MATEMATIKA'),
(15, 523, 'PENDIDIKAN TEKNIK ELEKTRO'),
(15, 524, 'PENDIDIKAN TEKNIK ELEKTRONIKA'),
(15, 525, 'PENDIDIKAN TEKNIK INFORMATIKA'),
(15, 526, 'PENDIDIKAN TEKNIK MEKATRONIKA'),
(15, 527, 'PENDIDIKAN TEKNIK MESIN'),
(15, 528, 'PENDIDIKAN TEKNIK OTOMOTIF'),
(15, 529, 'PENDIDIKAN TEKNIK SIPIL & PERENCANAAN'),
(15, 530, 'STATISTIKA'),
(15, 531, 'ADMINISTRASI NEGARA'),
(15, 532, 'AKUNTANSI'),
(15, 533, 'BAHASA. DAN SASTRA INDONESIA'),
(15, 534, 'BAHASA DAN SASTRA INGGRIS'),
(15, 535, 'BIMBINGAN & KONSELING'),
(15, 536, 'ILMU KOMUNIKASI'),
(15, 537, 'ILMU SEJARAH'),
(15, 538, 'KEBIJAKAN PENDIDIKAN'),
(15, 539, 'MANAJEMEN'),
(15, 540, 'MANAJEMEN PENDIDIKAN'),
(15, 541, 'PENDIDIKAN ADMINISTRASI PERKANTORAN'),
(15, 542, 'PENDIDIKAN AKUNTANSI'),
(15, 543, 'PENDIDIKAN BAHASA DAN SASTRA INDONESIA'),
(15, 544, 'PENDIDIKAN BAHASA INGGRIS'),
(15, 545, 'PENDIDIKAN BAHASA JAWA'),
(15, 546, 'PENDIDIKAN BAHASA JERMAN'),
(15, 547, 'PENDIDIKAN BAHASA PRANCIS'),
(15, 548, 'PENDIDIKAN EKONOMI'),
(15, 549, 'PENDIDIKAN GEOGRAFI'),
(15, 550, 'PENDIDIKAN GURU PAUD'),
(15, 551, 'PENDIDIKAN GURU SEKOLAH DASAR'),
(15, 552, 'PENDIDIKAN IPS'),
(15, 553, 'PENDIDIKAN JASMANI KESEHATAN DAN REKREASI'),
(15, 554, 'PENDIDIKAN KEPELATIHAN OLAHRAGA'),
(15, 555, 'PENDIDIKAN KEWARGANEGARAAN'),
(15, 556, 'PENDIDIKAN LUAR BIASA'),
(15, 557, 'PENDIDIKAN LUAR SEKOLAH'),
(15, 558, 'PENDIDIKAN SEJARAH'),
(15, 559, 'PENDIDIKAN SENI KERAJINAN'),
(15, 560, 'PENDIDIKAN SENI MUSIK'),
(15, 561, 'PENDIDIKAN SENI RUPA'),
(15, 562, 'PENDIDIKAN SENI TARI'),
(15, 563, 'PENDIDIKAN SOSIOLOGI'),
(15, 564, 'PENDIDIKAN TEKNIK BOGA'),
(15, 565, 'PENDIDIKAN TEKNIK BUSANA'),
(15, 566, 'PGSD PENDIDIKAN JASMANI'),
(15, 567, 'PSIKOLOGI'),
(15, 568, 'TEKNOLOGI PENDIDIKAN'),
(16, 569, 'AGRONOMI'),
(16, 570, 'AKUAKULTUR'),
(16, 571, 'ARSITEKTUR'),
(16, 572, 'BIOLOGI'),
(16, 573, 'EKONOMI PERTANIAN DAN AGRIBISNIS'),
(16, 574, 'ELEKTRONIKA DAN INSTRUMENTASI'),
(16, 575, 'FARMASI'),
(16, 576, 'FISIKA'),
(16, 577, 'GEOFISIKA'),
(16, 578, 'GEOGRAFI LINGKUNGAN'),
(16, 579, 'GIZI KESEHATAN'),
(16, 580, 'HIGIENE GIGI'),
(16, 581, 'ILMU DAN INDUSTRI PETERNAKAN'),
(16, 582, 'ILMU KEPERAWATAN'),
(16, 583, 'ILMU KOMPUTER'),
(16, 584, 'ILMU TANAH'),
(16, 585, 'KARTOGRAFI DAN PENGINDERAAN JAUH'),
(16, 586, 'KEDOKTERAN'),
(16, 587, 'KEDOKTERAN GIGI'),
(16, 588, 'KEDOKTERAN HEWAN'),
(16, 589, 'KEHUTANAN'),
(16, 590, 'KIMIA'),
(16, 591, 'MANAJEMEN SUMBERDAYA AKUATIK'),
(16, 592, 'MATEMATIKA'),
(16, 593, 'MIKROBIOLOGI PERTANIAN'),
(16, 594, 'PEMBANGUNAN WILAYAH'),
(16, 595, 'PENYULUHAN DAN KOMUNIKASI PERTANIAN'),
(16, 596, 'PERENCANAAN WILAYAH DAN KOTA'),
(16, 597, 'PROTEKSI TANAMAN'),
(16, 598, 'STATISTIKA'),
(16, 599, 'TEKNIK ELEKTRO'),
(16, 600, 'TEKNIK FISIKA'),
(16, 601, 'TEKNIK GEODESI'),
(16, 602, 'TEKNIK GEOLOGI'),
(16, 603, 'TEKNIK INDUSTRI'),
(16, 604, 'TEKNIK KIMIA'),
(16, 605, 'TEKNIK MESIN'),
(16, 606, 'TEKNIK NUKLIR'),
(16, 607, 'TEKNIK PERTANIAN'),
(16, 608, 'TEKNIK SIPIL'),
(16, 609, 'TEKNOLOGI HASIL PERIKANAN'),
(16, 610, 'TEKNOLOGI INDUSTRI PERTANIAN'),
(16, 611, 'TEKNOLOGI INFORMASI'),
(16, 612, 'TEKNOLOGI PANGAN DAN HASIL PERTANIAN'),
(16, 613, 'AKUNTANSI'),
(16, 614, 'ANTROPOLOGI BUDAYA'),
(16, 615, 'ARKEOLOGI'),
(16, 616, 'BAHASA DAN KEBUDAYAAN KOREA'),
(16, 617, 'BAHASA DAN SASTRA INDONESIA'),
(16, 618, 'FILSAFAT'),
(16, 619, 'HUKUM'),
(16, 620, 'ILMU EKONOMI'),
(16, 621, 'ILMU HUBUNGAN INTERNASIONAL'),
(16, 622, 'ILMU KOMUNIKASI'),
(16, 623, 'MANAJEMEN'),
(16, 624, 'MANAJEMEN DAN KEBIJAKAN PUBLIK'),
(16, 625, 'PARIWISATA'),
(16, 626, 'PEMBANGUNAN SOSIAL DAN KESEJAHTERAAN'),
(16, 627, 'POLITIK DAN PEMERINTAHAN'),
(16, 628, 'PSIKOLOGI'),
(16, 629, 'SASTRA ARAB'),
(16, 630, 'SASTRA INGGRIS'),
(16, 631, 'SASTRA JAWA'),
(16, 632, 'SASTRA JEPANG'),
(16, 633, 'SASTRA PRANCIS'),
(16, 634, 'SEJARAH'),
(16, 635, 'SOSIOLOGI'),
(17, 636, 'AGROTEKNOLOGI'),
(17, 637, 'AKUAKULTUR'),
(17, 638, 'PENDIDIKAN BIOLOGI'),
(17, 639, 'PENDIDIKAN ILMU PENGETAHUAN ALAM'),
(17, 640, 'PENDIDIKAN MATEMATIKA'),
(17, 641, 'PETERNAKAN'),
(17, 642, 'TEKNIK ELEKTRO'),
(17, 643, 'TEKNIK MESIN'),
(17, 644, 'TEKNIK SIPIL'),
(17, 645, 'AKUNTANSI'),
(17, 646, 'EKONOMI PEMBANGUNAN'),
(17, 647, 'HUKUM'),
(17, 648, 'ILMU ADMINISTRASI NEGARA'),
(17, 649, 'ILMU KOMUNIKASI'),
(17, 650, 'MANAJEMEN'),
(17, 651, 'PENDIDIKAN BAHASA DAN SASTRA INDONESIA'),
(17, 652, 'PENDIDIKAN BAHASA INGGRIS'),
(18, 653, 'AGRIBISNIS'),
(18, 654, 'AGROTEKNOLOGI / AGROEKOTEKNOLOGI'),
(18, 655, 'ARSITEKTUR'),
(18, 656, 'BIOLOGI'),
(18, 657, 'FARMASI'),
(18, 658, 'FISIKA'),
(18, 659, 'ILMU DAN TEKNOLOGI PANGAN'),
(18, 660, 'ILMU LINGKUNGAN'),
(18, 661, 'ILMU TANAH'),
(18, 662, 'INFORMATIKA'),
(18, 663, 'KEDOKTERAN'),
(18, 664, 'KIMIA'),
(18, 665, 'MATEMATIKA'),
(18, 666, 'PENDIDIKAN BIOLOGI'),
(18, 667, 'PENDIDIKAN FISIKA'),
(18, 668, 'PENDIDIKAN IPA'),
(18, 669, 'PENDIDIKAN KIMIA'),
(18, 670, 'PENDIDIKAN MATEMATIKA'),
(18, 671, 'PENDIDIKAN TEKNIK BANGUNAN'),
(18, 672, 'PENDIDIKAN TEKNIK INFORMATIKA & KOMPUTER'),
(18, 673, 'PENDIDIKAN TEKNIK MESIN'),
(18, 674, 'PENYULUHAN DAN KOMUNIKASI PERTANIAN'),
(18, 675, 'PERENCANAAN WILAYAH DAN KOTA (PWK)'),
(18, 676, 'PETERNAKAN'),
(18, 677, 'PSIKOLOGI'),
(18, 678, 'STATISTIKA'),
(18, 679, 'TEKNIK ELEKTRO'),
(18, 680, 'TEKNIK INDUSTRI'),
(18, 681, 'TEKNIK KIMIA'),
(18, 682, 'TEKNIK MESIN'),
(18, 683, 'TEKNIK SIPIL'),
(18, 684, 'AKUNTANSI'),
(18, 685, 'BIMBINGAN DAN KONSELING'),
(18, 686, 'DESAIN INTERIOR'),
(18, 687, 'DESAIN KOMUNIKASI VISUAL'),
(18, 688, 'EKONOMI PEMBANGUNAN'),
(18, 689, 'HUBUNGAN INTERNASIONAL'),
(18, 690, 'ILMU ADMINISTRASI NEGARA'),
(18, 691, 'ILMU HUKUM'),
(18, 692, 'ILMU KOMUNIKASI'),
(18, 693, 'ILMU SEJARAH'),
(18, 694, 'KRIYA SENI (DESAIN TEKSTIL)'),
(18, 695, 'MANAJEMEN'),
(18, 696, 'PEND. BAHASA, SASTRA INDONESIA & DAERAH'),
(18, 697, 'PEND. GURU PEND ANAK USIA DINI (PG-PAUD)'),
(18, 698, 'PEND. GURU SEKOLAH DASAR (PGSD) KEBUMEN'),
(18, 699, 'PEND. GURU SEKOLAH DASAR (PGSD) SURAKARTA'),
(18, 700, 'PENDIDIKAN ADMINISTRASI PERKANTORAN'),
(18, 701, 'PENDIDIKAN AKUNTANSI'),
(18, 702, 'PENDIDIKAN BAHASA INGGRIS'),
(18, 703, 'PENDIDIKAN BAHASA JAWA'),
(18, 704, 'PENDIDIKAN EKONOMI'),
(18, 705, 'PENDIDIKAN GEOGRAFI'),
(18, 706, 'PENDIDIKAN JASMANI, KESEHATAN & REKREASI'),
(18, 707, 'PENDIDIKAN KEPELATIHAN OLAHRAGA'),
(18, 708, 'PENDIDIKAN LUAR BIASA (PENDIDIKAN KHUSUS)'),
(18, 709, 'PENDIDIKAN SEJARAH'),
(18, 710, 'PENDIDIKAN SENI RUPA'),
(18, 711, 'PENDIDIKAN SOSIOLOGI ANTROPOLOGI'),
(18, 712, 'PEND. PANCASILA & KEWARGANEGARAAN (PPKN)'),
(18, 713, 'SASTRA ARAB'),
(18, 714, 'SASTRA DAERAH UNTUK SASTRA JAWA'),
(18, 715, 'SASTRA INDONESIA'),
(18, 716, 'SASTRA INGGRIS'),
(18, 717, 'SENI RUPA MURNI (LUKIS, GRFS, PTNG, KRMIK)'),
(18, 718, 'SOSIOLOGI'),
(19, 719, 'AGRIBISNIS'),
(19, 720, 'AGROTEKNOLOGI'),
(19, 721, 'BIOLOGI'),
(19, 722, 'BUDIDAYA PERAIRAN'),
(19, 723, 'FARMASI'),
(19, 724, 'FISIKA'),
(19, 725, 'ILMU DAN TEKNOLOGI PANGAN'),
(19, 726, 'ILMU GIZI'),
(19, 727, 'ILMU KELAUTAN'),
(19, 728, 'KEPERAWATAN'),
(19, 729, 'KESEHATAN MASYARAKAT'),
(19, 730, 'KIMIA'),
(19, 731, 'MANAJEMEN SUMBERDAYA PERAIRAN'),
(19, 732, 'MATEMATIKA'),
(19, 733, 'PENDIDIKAN DOKTER'),
(19, 734, 'PENDIDIKAN DOKTER GIGI'),
(19, 735, 'PENDIDIKAN JASMANI KESEHATAN DAN REKREASI'),
(19, 736, 'PETERNAKAN'),
(19, 737, 'TEKNIK ELEKTRO'),
(19, 738, 'TEKNIK GEOLOGI'),
(19, 739, 'TEKNIK INDUSTRI'),
(19, 740, 'TEKNIK INFORMATIKA'),
(19, 741, 'TEKNIK PERTANIAN'),
(19, 742, 'TEKNIK SIPIL'),
(19, 743, 'ADMINISTRASI NEGARA'),
(19, 744, 'AKUNTANSI'),
(19, 745, 'BAHASA DAN SASTRA INDONESIA'),
(19, 746, 'BAHASA DAN SASTRA INGGRIS'),
(19, 747, 'BAHASA JEPANG'),
(19, 748, 'EKONOMI PEMBANGUNAN'),
(19, 749, 'HUBUNGAN INTERNASIONAL'),
(19, 750, 'ILMU HUKUM'),
(19, 751, 'ILMU KOMUNIKASI'),
(19, 752, 'ILMU POLITIK'),
(19, 753, 'MANAJEMEN'),
(19, 754, 'PENDIDIKAN BAHASA DAN SASTRA INDONESIA'),
(19, 755, 'PENDIDIKAN BAHASA INGGRIS'),
(19, 756, 'PENDIDIKAN EKONOMI'),
(19, 757, 'SOSIOLOGI'),
(20, 758, 'BIOLOGI'),
(20, 759, 'FISIKA'),
(20, 760, 'GIZI'),
(20, 761, 'KIMIA'),
(20, 762, 'MATEMATIKA'),
(20, 763, 'ILMU HUKUM'),
(20, 764, 'ILMU POLITIK'),
(20, 765, 'PSIKOLOGI'),
(20, 766, 'SOSIOLOGI'),
(21, 767, 'BIOLOGI'),
(21, 768, 'FISIKA'),
(21, 769, 'GIZI'),
(21, 770, 'ILMU KEOLAHRAGAAN'),
(21, 771, 'KESEHATAN MASYARAKAT'),
(21, 772, 'KIMIA'),
(21, 773, 'MATEMATIKA'),
(21, 774, 'PENDIDIKAN BIOLOGI'),
(21, 775, 'PENDIDIKAN FISIKA'),
(21, 776, 'PENDIDIKAN IPA'),
(21, 777, 'PENDIDIKAN KIMIA'),
(21, 778, 'PENDIDIKAN MATEMATIKA'),
(21, 779, 'PENDIDIKAN TEKNIK BANGUNAN'),
(21, 780, 'PENDIDIKAN TEKNIK ELEKTRO'),
(21, 781, 'PENDIDIKAN TEKNIK MESIN'),
(21, 782, 'PENDIDIKAN TEKNIK OTOMOTIF'),
(21, 783, 'PEND. TEKNIK INFORMATIKA & KOMPUTER'),
(21, 784, 'TEKNIK ARSITEKTUR'),
(21, 785, 'TEKNIK ELEKTRO'),
(21, 786, 'TEKNIK INFORMATIKA'),
(21, 787, 'TEKNIK KIMIA'),
(21, 788, 'TEKNIK MESIN'),
(21, 789, 'TEKNIK SIPIL'),
(21, 790, 'AKUNTANSI'),
(21, 791, 'BIMBINGAN DAN KONSELING'),
(21, 792, 'EKONOMI PEMBANGUNAN'),
(21, 793, 'GEOGRAFI'),
(21, 794, 'ILMU HUKUM'),
(21, 795, 'ILMU POLITIK'),
(21, 796, 'ILMU SEJARAH'),
(21, 797, 'MANAJEMEN'),
(21, 798, 'PEND. EKONOMI (PEND. ADMIN. PEKANTORAN)'),
(21, 799, 'PEND.GURU PEND. ANAK USIA DINI (PGPAUD)'),
(21, 800, 'PENDIDIKAN BAHASA ARAB'),
(21, 801, 'PENDIDIKAN BAHASA DAN SASTRA INDONESIA'),
(21, 802, 'PENDIDIKAN BAHASA DAN SASTRA JAWA'),
(21, 803, 'PENDIDIKAN BAHASA INGGRIS'),
(21, 804, 'PENDIDIKAN BAHASA JEPANG'),
(21, 805, 'PENDIDIKAN BAHASA MANDARIN'),
(21, 806, 'PENDIDIKAN BAHASA PRANCIS'),
(21, 807, 'PENDIDIKAN EKONOMI (PENDIDIKAN AKUNTANSI)'),
(21, 808, 'PENDIDIKAN EKONOMI (PENDIDIKAN KOPERASI)'),
(21, 809, 'PENDIDIKAN GEOGRAFI'),
(21, 810, 'PENDIDIKAN GURU SEKOLAH DASAR'),
(21, 811, 'PENDIDIKAN ILMU PENGETAHUAN SOSIAL'),
(21, 812, 'PENDIDIKAN JASMANI KESEHATAN DAN REKREASI (PENDIDI'),
(21, 813, 'PENDIDIKAN JASMANI, KESEHATAN & REKREASI'),
(21, 814, 'PENDIDIKAN KEPELATIHAN OLAHRAGA'),
(21, 815, 'PENDIDIKAN KESEJAHTERAAN KELUARGA'),
(21, 816, 'PENDIDIKAN LUAR SEKOLAH'),
(21, 817, 'PENDIDIKAN PANCASILA & KEWARGANEGARAAN'),
(21, 818, 'PENDIDIKAN SEJARAH'),
(21, 819, 'PENDIDIKAN SENI RUPA'),
(21, 820, 'PENDIDIKAN SOSIOLOGI & ANTROPOLOGI'),
(21, 821, 'Pendidikan Tata Boga'),
(21, 822, 'Pendidikan Tata Busana'),
(21, 823, 'PENDIDIKAN TATA KECANTIKAN'),
(21, 824, 'P. SENI DRAMA, TARI & MUSIK (P. SENI MUSIK)'),
(21, 825, 'P. SENI DRAMA, TARI & MUSIK (P. SENI TARI)'),
(21, 826, 'PSIKOLOGI'),
(21, 827, 'SASTRA INDONESIA'),
(21, 828, 'SASTRA INGGRIS'),
(21, 829, 'SASTRA JAWA'),
(21, 830, 'SASTRA PRANCIS'),
(21, 831, 'SENI RUPA (DKV,LUKIS,PTNG,GRAFIS,GBR KRIYA)'),
(21, 832, 'TEKNOLOGI PENDIDIKAN'),
(22, 833, 'AGRIBISNIS'),
(22, 834, 'AGROEKOTEKNOLOGI'),
(22, 835, 'BIOLOGI'),
(22, 836, 'BUDIDAYA PERAIRAN'),
(22, 837, 'FARMASI'),
(22, 838, 'FISIKA'),
(22, 839, 'ILMU GIZI'),
(22, 840, 'ILMU KELAUTAN'),
(22, 841, 'ILMU KEPERAWATAN'),
(22, 842, 'KEDOKTERAN GIGI'),
(22, 843, 'KESEHATAN MASYARAKAT'),
(22, 844, 'KIMIA'),
(22, 845, 'MANAJEMEN SD PERAIRAN'),
(22, 846, 'MATEMATIKA'),
(22, 847, 'OCEANOGRAFI'),
(22, 848, 'PEMANFAATAN SD PERIKANAN'),
(22, 849, 'PENDIDIKAN DOKTER'),
(22, 850, 'PETERNAKAN'),
(22, 851, 'SISTEM KOMPUTER'),
(22, 852, 'STATISTIKA'),
(22, 853, 'TEKNIK ARSITEKTUR'),
(22, 854, 'TEKNIK ELEKTRO'),
(22, 855, 'TEKNIK GEODESI'),
(22, 856, 'TEKNIK GEOLOGI'),
(22, 857, 'TEKNIK INDUSTRI'),
(22, 858, 'TEKNIK INFORMATIKA'),
(22, 859, 'TEKNIK KIMIA'),
(22, 860, 'TEKNIK LINGKUNGAN'),
(22, 861, 'TEKNIK MESIN'),
(22, 862, 'TEKNIK PERKAPALAN'),
(22, 863, 'TEKNIK P W K'),
(22, 864, 'TEKNIK SIPIL'),
(22, 865, 'TEKNOLOGI HASIL PERIKANAN'),
(22, 866, 'TEKNOLOGI PANGAN'),
(22, 867, 'AKUNTANSI'),
(22, 868, 'ANTROPOLOGI SOSIAL'),
(22, 869, 'BAHASA JEPANG'),
(22, 870, 'BAHASA & SASTRA INDONESIA'),
(22, 871, 'BAHASA & SASTRA INGGRIS'),
(22, 872, 'EKONOMI ISLAM'),
(22, 873, 'HUBUNGAN INTERNASIONAL'),
(22, 874, 'ILMU ADM. BISNIS'),
(22, 875, 'ILMU ADM. PUBLIK'),
(22, 876, 'ILMU EKONOMI & STUDI PEMB.'),
(22, 877, 'ILMU HUKUM'),
(22, 878, 'ILMU PERPUSTAKAAN'),
(22, 879, 'KOMUNIKASI'),
(22, 880, 'MANAJEMEN'),
(22, 881, 'PEMERINTAHAN'),
(22, 882, 'PSIKOLOGI'),
(22, 883, 'SEJARAH INDONESIA'),
(23, 884, 'AGRIBISNIS'),
(23, 885, 'AGROTEKNOLOGI'),
(23, 886, 'FARMASI'),
(23, 887, 'PEND. MATEMATIKA'),
(23, 888, 'TEKNIK ELEKTRO'),
(23, 889, 'TEKNIK INDUSTRI'),
(23, 890, 'TEKNIK INFORMATIKA'),
(23, 891, 'TEKNIK MESIN'),
(23, 892, 'AKUNTANSI'),
(23, 893, 'ILMU HUKUM'),
(23, 894, 'ILMU KOMUNIKASI'),
(23, 895, 'ILMU PEMERINTAHAN'),
(23, 896, 'MANAJEMEN'),
(23, 897, 'PEND. BAHASA DAN SASTRA INDONESIA'),
(23, 898, 'PEND. BAHASA INGGRIS'),
(23, 899, 'PEND. JASMANI, KESEHATAN DAN REKREASI'),
(23, 900, 'PEND. LUAR SEKOLAH'),
(24, 901, 'AGRIBISNIS'),
(24, 902, 'AGROTEKNOLOGI'),
(24, 903, 'GIZI'),
(24, 904, 'KESEHATAN MASYARAKAT'),
(24, 905, 'PENDIDIKAN BIOLOGI'),
(24, 906, 'PENDIDIKAN FISIKA'),
(24, 907, 'PENDIDIKAN MATEMATIKA'),
(24, 908, 'TEKNIK ELEKTRO'),
(24, 909, 'TEKNIK INFORMATIKA'),
(24, 910, 'TEKNIK SIPIL'),
(24, 911, 'AKUNTANSI'),
(24, 912, 'EKONOMI PEMBANGUNAN'),
(24, 913, 'EKONOMI SYARIAH'),
(24, 914, 'ILMU POLITIK'),
(24, 915, 'MANAJEMEN'),
(24, 916, 'PENDIDIKAN BAHASA DAN SASTRA INDONESIA'),
(24, 917, 'PENDIDIKAN BAHASA INGGRIS'),
(24, 918, 'PENDIDIKAN EKONOMI'),
(24, 919, 'PENDIDIKAN GEOGRAFI'),
(24, 920, 'PENDIDIKAN JASMANI, KESEHATAN DAN REKREASI'),
(24, 921, 'PENDIDIKAN LUAR SEKOLAH'),
(24, 922, 'PENDIDIKAN SEJARAH'),
(25, 923, 'AGROTEKNOLOGI'),
(25, 924, 'BIOLOGI'),
(25, 925, 'FISIKA'),
(25, 926, 'KIMIA'),
(25, 927, 'MATEMATIKA'),
(25, 928, 'TEKNIK ELEKTRO'),
(25, 929, 'TEKNIK INFORMATIKA'),
(25, 930, 'ADMINISTRASI PUBLIK'),
(25, 931, 'BAHASA DAN SASTRA INGGRIS'),
(25, 932, 'ILMU HUKUM'),
(25, 933, 'ILMU KOM. KONST. HUMAS'),
(25, 934, 'ILMU KOM. KONST. JURNALISTIK'),
(25, 935, 'MANAJEMEN'),
(25, 936, 'PSIKOLOGI'),
(25, 937, 'SOSIOLOGI'),
(26, 938, 'FAK. ILMU DAN TEKNOLOGI KEBUMIAN (FITB)'),
(26, 939, 'FAK. MATEMATIKA & ILMU PENGET. ALAM (FMIPA)'),
(26, 940, 'FAK. TEKNIK PERTAMB. & PERMINYAKAN (FTTM)'),
(26, 941, 'FAKULTAS TEKNIK MESIN & DIRGANTARA (FTMD)'),
(26, 942, 'FAKULTAS TEKNIK SIPIL DAN LINGKUNGAN (FTSL) - KAMP'),
(26, 943, 'FAKULTAS TEKNIK SIPIL & LINGKUNGAN (FTSL) - Kampus'),
(26, 944, 'FAKULTAS TEKNOLOGI INDUSTRI (FTI) - KAMPUS CIREBON'),
(26, 945, 'FAKULTAS TEKNOLOGI INDUSTRI (FTI) - Kampus Ganesa'),
(26, 946, 'FAKULTAS TEKNOLOGI INDUSTRI (FTI) - KAMPUS JATINAN'),
(26, 947, 'SEK. ARSITEKTUR, PERENC & PENGEMB KEBIJAKAN'),
(26, 948, 'SEK. ARSITEKTUR, PERENC & PENGEMB KEBIJAKAN (SAPPK'),
(26, 949, 'SEKOLAH FARMASI (SF)'),
(26, 950, 'SEKOLAH ILMU & TEKNO HAYATI - PROG REKAYASA'),
(26, 951, 'SEKOLAH ILMU & TEKNO. HAYATI - PROG. SAINS'),
(26, 952, 'SEKOLAH TEK. ELEKTRO & INFORMATIKA (STEI)'),
(26, 953, 'FAKULTAS SENIRUPA DAN DESAIN (FSRD)'),
(26, 954, 'FAKULTAS SENIRUPA DAN DESAIN (FSRD) - KAMPUS CIREB'),
(26, 955, 'SEKOLAH BISNIS DAN MANAJEMEN (SBM)'),
(27, 956, 'BIOLOGI'),
(27, 957, 'FISIKA'),
(27, 958, 'ILMU KEOLAHRAGAAN'),
(27, 959, 'ILMU KOMPUTER'),
(27, 960, 'KIMIA'),
(27, 961, 'MATEMATIKA'),
(27, 962, 'PENDIDIKAN BIOLOGI'),
(27, 963, 'PENDIDIKAN FISIKA'),
(27, 964, 'PENDIDIKAN ILMU KOMPUTER'),
(27, 965, 'PENDIDIKAN ILMU PENGETAHUAN ALAM'),
(27, 966, 'PENDIDIKAN KIMIA'),
(27, 967, 'PENDIDIKAN MATEMATIKA'),
(27, 968, 'PENDIDIKAN TEKNIK ARSITEKTUR'),
(27, 969, 'PENDIDIKAN TEKNIK BANGUNAN'),
(27, 970, 'PENDIDIKAN TEKNIK ELEKTRO'),
(27, 971, 'PENDIDIKAN TEKNIK MESIN'),
(27, 972, 'PENDIDIKAN TEKNOLOGI AGRO INDUSTRI'),
(27, 973, 'TEKNIK ARSITEKTUR'),
(27, 974, 'TEKNIK ELEKTRO'),
(27, 975, 'TEKNIK SIPIL'),
(27, 976, 'ADMINISTRASI PENDIDIKAN'),
(27, 977, 'AKUNTANSI'),
(27, 978, 'BAHASA DAN SASTRA INDONESIA'),
(27, 979, 'BAHASA DAN SASTRA INGGRIS'),
(27, 980, 'BIMBINGAN DAN KONSELING'),
(27, 981, 'ILMU EKONOMI DAN KEUANGAN ISLAM'),
(27, 982, 'ILMU KOMUNIKASI'),
(27, 983, 'ILMU PENDIDIKAN AGAMA ISLAM'),
(27, 984, 'KEWIRAUSAHAAN'),
(27, 985, 'MANAJEMEN'),
(27, 986, 'MANAJEMEN INDUSTRI KATERING'),
(27, 987, 'MANAJEMEN PEMASARAN PARIWISATA'),
(27, 988, 'MANAJEMEN RESORT DAN LEISURE'),
(27, 989, 'PENDIDIKAN AKUNTANSI'),
(27, 990, 'PENDIDIKAN BAHASA ARAB'),
(27, 991, 'PENDIDIKAN BAHASA DAERAH'),
(27, 992, 'PENDIDIKAN BAHASA INGGRIS'),
(27, 993, 'PENDIDIKAN BAHASA JEPANG'),
(27, 994, 'PENDIDIKAN BAHASA JERMAN'),
(27, 995, 'PENDIDIKAN BAHASA KOREA'),
(27, 996, 'PENDIDIKAN BAHASA PERANCIS'),
(27, 997, 'PENDIDIKAN BHS.DAN SASTRA INDONESIA'),
(27, 998, 'PENDIDIKAN EKONOMI'),
(27, 999, 'PENDIDIKAN GEOGRAFI'),
(27, 1000, 'PENDIDIKAN IPS'),
(27, 1001, 'PENDIDIKAN KEPELATIHAN OLAHRAGA'),
(27, 1002, 'PENDIDIKAN KESEJAHTERAAN KELUARGA'),
(27, 1003, 'PENDIDIKAN LUAR BIASA'),
(27, 1004, 'PENDIDIKAN LUAR SEKOLAH'),
(27, 1005, 'PENDIDIKAN MANAJEMEN BISNIS'),
(27, 1006, 'PENDIDIKAN MANAJEMEN PERKANTORAN'),
(27, 1007, 'PENDIDIKAN SEJARAH'),
(27, 1008, 'PENDIDIKAN SENI MUSIK'),
(27, 1009, 'PENDIDIKAN SENI RUPA DAN KERAJINAN'),
(27, 1010, 'PENDIDIKAN SENI TARI'),
(27, 1011, 'PENDIDIKAN SOSIOLOGI'),
(27, 1012, 'PENDIDIKAN TATA BOGA'),
(27, 1013, 'PENDIDIKAN TATA BUSANA'),
(27, 1014, 'PEND. JASMANI KESEHATAN & REKREASI (PJKR)'),
(27, 1015, 'PERPUSTAKAAN DAN INFORMASI'),
(27, 1016, 'PGPAUD KAMPUS BUMI SILIWANGI'),
(27, 1017, 'PGPAUD KAMPUS CIBIRU'),
(27, 1018, 'PGPAUD KAMPUS PURWAKARTA'),
(27, 1019, 'PGPAUD KAMPUS SERANG'),
(27, 1020, 'PGPAUD KAMPUS TASIKMALAYA'),
(27, 1021, 'PGSD KAMPUS BUMI SILIWANGI'),
(27, 1022, 'PGSD KAMPUS CIBIRU'),
(27, 1023, 'PGSD KAMPUS PURWAKARTA'),
(27, 1024, 'PGSD KAMPUS SERANG'),
(27, 1025, 'PGSD KAMPUS SUMEDANG'),
(27, 1026, 'PGSD KAMPUS TASIKMALAYA'),
(27, 1027, 'PGSD PENDIDIKAN JASMANI KAMPUS SUMEDANG'),
(27, 1028, 'PGSD PEND. JASMANI KAMPUS BUMI SILIWANGI'),
(27, 1029, 'PKN'),
(27, 1030, 'PSIKOLOGI'),
(27, 1031, 'TEKNOLOGI PENDIDIKAN'),
(28, 1032, 'AGRIBISNIS'),
(28, 1033, 'AGROTEKNOLOGI'),
(28, 1034, 'BIOLOGI'),
(28, 1035, 'FARMASI'),
(28, 1036, 'FISIKA'),
(28, 1037, 'GEOFISIKA'),
(28, 1038, 'ILMU KELAUTAN'),
(28, 1039, 'ILMU KEPERAWATAN'),
(28, 1040, 'ILMU PETERNAKAN'),
(28, 1041, 'KEDOKTERAN HEWAN'),
(28, 1042, 'KIMIA'),
(28, 1043, 'MATEMATIKA'),
(28, 1044, 'PENDIDIKAN DOKTER'),
(28, 1045, 'PENDIDIKAN DOKTER GIGI'),
(28, 1046, 'PERIKANAN'),
(28, 1047, 'PSIKOLOGI'),
(28, 1048, 'STATISTIKA'),
(28, 1049, 'TEKNIK ELEKTRO'),
(28, 1050, 'TEKNIK GEOLOGI'),
(28, 1051, 'TEKNIK INFORMATIKA'),
(28, 1052, 'TEKNIK PERTANIAN'),
(28, 1053, 'TEKNOLOGI INDUSTRI PERTANIAN'),
(28, 1054, 'TEKNOLOGI PANGAN'),
(28, 1055, 'AKUNTANSI'),
(28, 1056, 'ANTROPOLOGI'),
(28, 1057, 'EKONOMI ISLAM'),
(28, 1058, 'EKONOMI PEMBANGUNAN'),
(28, 1059, 'HUBUNGAN MASYARAKAT'),
(28, 1060, 'ILMU ADMINISTRASI BISNIS'),
(28, 1061, 'ILMU ADMINISTRASI NEGARA'),
(28, 1062, 'ILMU HUBUNGAN INTERNASIONAL'),
(28, 1063, 'ILMU HUKUM'),
(28, 1064, 'ILMU KESEJAHTERAAN SOSIAL'),
(28, 1065, 'ILMU KOMUNIKASI'),
(28, 1066, 'ILMU PEMERINTAHAN'),
(28, 1067, 'ILMU PERPUSTAKAAN'),
(28, 1068, 'ILMU POLITIK'),
(28, 1069, 'ILMU SEJARAH'),
(28, 1070, 'JURNALISTIK'),
(28, 1071, 'MANAJEMEN'),
(28, 1072, 'MANAJEMEN KOMUNIKASI'),
(28, 1073, 'SASTRA ARAB'),
(28, 1074, 'SASTRA INDONESIA'),
(28, 1075, 'SASTRA INGGRIS'),
(28, 1076, 'SASTRA JEPANG'),
(28, 1077, 'SASTRA JERMAN'),
(28, 1078, 'SASTRA PERANCIS'),
(28, 1079, 'SASTRA RUSIA'),
(28, 1080, 'SASTRA SUNDA'),
(28, 1081, 'SOSIOLOGI'),
(28, 1082, 'TELEVISI DAN FILM'),
(29, 1083, 'AGRIBISNIS'),
(29, 1084, 'AGRONOMI DAN HORTIKULTURA'),
(29, 1085, 'AKTUARIA'),
(29, 1086, 'ARSITEKTUR LANSEKAP'),
(29, 1087, 'BIOKIMIA'),
(29, 1088, 'BIOLOGI'),
(29, 1089, 'BISNIS'),
(29, 1090, 'EKONOMI PEMBANGUNAN'),
(29, 1091, 'EKONOMI SUMBERDAYA DAN LINGKUNGAN'),
(29, 1092, 'EKONOMI SYARIAH'),
(29, 1093, 'FISIKA'),
(29, 1094, 'ILMU DAN TEKNOLOGI KELAUTAN'),
(29, 1095, 'ILMU GIZI'),
(29, 1096, 'ILMU KELUARGA DAN KONSUMEN'),
(29, 1097, 'ILMU KOMPUTER'),
(29, 1098, 'KEDOKTERAN HEWAN'),
(29, 1099, 'KIMIA'),
(29, 1100, 'KOMUNIKASI DAN PENGEMBANGAN MASYARAKAT'),
(29, 1101, 'KONSERVASI SUMBERDAYAHUTAN& EKOWISATA'),
(29, 1102, 'MANAJEMEN'),
(29, 1103, 'MANAJEMEN HUTAN'),
(29, 1104, 'MANAJEMEN SUMBERDAYA LAHAN'),
(29, 1105, 'MANAJEMEN SUMBERDAYA PERAIRAN'),
(29, 1106, 'MATEMATIKA'),
(29, 1107, 'METEOROLOGI TERAPAN'),
(29, 1108, 'NUTRISI DAN TEKNOLOGI PAKAN'),
(29, 1109, 'PROTEKSI TANAMAN'),
(29, 1110, 'SILVIKULTUR'),
(29, 1111, 'STATISTIKA'),
(29, 1112, 'TEKNIK PERTANIAN DAN BIOSISTEM'),
(29, 1113, 'TEKNIK SIPIL DAN LINGKUNGAN'),
(29, 1114, 'TEKNOLOGI HASIL HUTAN'),
(29, 1115, 'TEKNOLOGI HASIL PERAIRAN'),
(29, 1116, 'TEKNOLOGI HASIL TERNAK'),
(29, 1117, 'TEKNOLOGI INDUSTRI PERTANIAN'),
(29, 1118, 'TEKNOLOGI & MANAJEMEN PERIKANAN BUDIDAYA'),
(29, 1119, 'TEKNOLOGI & MANAJEMEN PERIKANAN TANGKAP'),
(29, 1120, 'TEKNOLOGI PANGAN'),
(29, 1121, 'TEKNOLOGI PRODUKSI TERNAK');

-- --------------------------------------------------------

--
-- Table structure for table `login`
--

CREATE TABLE `login` (
  `nisn` varchar(200) NOT NULL,
  `nis` varchar(200) NOT NULL,
  `nama` varchar(300) NOT NULL,
  `kelas` varchar(300) NOT NULL,
  `password` varchar(300) NOT NULL,
  `password2` varchar(225) NOT NULL,
  `ip` varchar(255) NOT NULL,
  `jam` varchar(255) NOT NULL
) ENGINE=InnoDB DEFAULT CHARSET=latin1;

--
-- Dumping data for table `login`
--

INSERT INTO `login` (`nisn`, `nis`, `nama`, `kelas`, `password`, `password2`, `ip`, `jam`) VALUES
('000099202', '8888', 'Yakin', 'XII IPA 7', 'd53911db42dcb6897fb7f245b21d688e', 'mbgMf9nI', '::1-DESKTOP-UHTDJ3I', '21 Mar 2018 09:39:08'),
('000541200', '4490', 'b', 'XII A 4', '38a1ae5e6ef8c9e8bb6dcdd0b2b65f9a', 'tzvNVgGc', '::1-DESKTOP-UHTDJ3I', '26 Mar 2018 09:38:31'),
('0005419738', '4496', 'sinyo', 'XII A 4', '7cf7a0149ee46108c3f37066b1c126ec', 'sinyo123', '::1-DESKTOP-UHTDJ3I', '26 Mar 2018 23:26:16'),
('0005419999', '4490', 'entahg', 'XII A 4', 'e322c67b0c9bedbe6bbfed784c97b25c', 'Pr6dM8PA', '::1-DESKTOP-UHTDJ3I', '10 Mar 2018 20:12:09'),
('00069696969', '6002', 'Bella', 'XII A 4', 'dabf7124d4e45aaddf7ec83d59df200f', 'qtHPnKfU', '::1-DESKTOP-UHTDJ3I', '21 Mar 2018 09:39:24'),
('000909090', '7001', 'Fajar', 'XII A 4', '5634ea9924d66ee81d234b74aa48f9c9', 'bHui9XBC', '::1-DESKTOP-UHTDJ3I', '12 Mar 2018 17:12:59'),
('12345', '12', 'gatauuu', 'XII IPA 3', '3faff33a94cc193b1f79892973e49294', 'eCKJYPVl', '::1-DESKTOP-UHTDJ3I', '26 Mar 2018 00:03:40'),
('123456', '245', '1', 'xii a 6', '250c0c95621041eed07d4c20255296b7', 'XYX1RYdy', '', ''),
('9000889', '8807', 'Gatau', 'XII IPA 7', '22beec5fc121f91d15b7d745efc1304a', 'vI0eoI3h', '::1-DESKTOP-UHTDJ3I', '20 Mar 2018 23:21:47'),
('90909090', '6627', 'Sinya', 'XII A 5', '7e83f30beebd27374ce3950ab3bde98c', 'htRmgOSk', '::1-DESKTOP-UHTDJ3I', '15 Mar 2018 21:00:48'),
('99900999', '6672', 'Sinyo', 'XII A 5', 'bd6ebbf9aaa7e4d2b04f3c6a0f6869b5', '7oTx5piW', '::1-DESKTOP-UHTDJ3I', '22 Mar 2018 23:19:36');

-- --------------------------------------------------------

--
-- Table structure for table `login_guru`
--

CREATE TABLE `login_guru` (
  `namel` varchar(255) NOT NULL,
  `username` varchar(255) NOT NULL,
  `password` varchar(255) NOT NULL,
  `password2` varchar(255) NOT NULL
) ENGINE=InnoDB DEFAULT CHARSET=latin1;

--
-- Dumping data for table `login_guru`
--

INSERT INTO `login_guru` (`namel`, `username`, `password`, `password2`) VALUES
('Admin', 'admin', '21232f297a57a5a743894a0e4a801fc3', 'admin');

-- --------------------------------------------------------

--
-- Table structure for table `simpan`
--

CREATE TABLE `simpan` (
  `id` int(255) NOT NULL,
  `pilihan` varchar(5) NOT NULL,
  `nisn` varchar(50) NOT NULL,
  `fakultas` varchar(50) NOT NULL,
  `jurusan` varchar(50) NOT NULL
) ENGINE=InnoDB DEFAULT CHARSET=latin1;

--
-- Dumping data for table `simpan`
--

INSERT INTO `simpan` (`id`, `pilihan`, `nisn`, `fakultas`, `jurusan`) VALUES
(1, '1', '000099202', '1', '17'),
(2, '2', '000099202', '1', '14'),
(3, '3', '000099202', '1', '18'),
(4, '1', '000099202', '1', '16'),
(5, '1', '99967389', '1', '5'),
(6, '1', '000099202', '1', '1'),
(7, '1', '000099202', '1', '12'),
(8, '1', '000099202', '1', '9'),
(9, '1', '99900999', '1', '34'),
(10, '1', '12345', '4', '161'),
(11, '1', '12345', '9', '346'),
(12, '1', '000541200', '4', '138'),
(13, '1', '123456', '1', '1');

-- --------------------------------------------------------

--
-- Table structure for table `smt1`
--

CREATE TABLE `smt1` (
  `nisn` varchar(255) NOT NULL,
  `namel` varchar(255) NOT NULL,
  `agama` varchar(255) NOT NULL,
  `pkn` varchar(255) NOT NULL,
  `mtk` varchar(255) NOT NULL,
  `sji` varchar(255) NOT NULL,
  `bin` varchar(255) NOT NULL,
  `bing` varchar(255) NOT NULL,
  `sb` varchar(255) NOT NULL,
  `pr` varchar(255) NOT NULL,
  `pjok` varchar(255) NOT NULL,
  `sbk` varchar(255) NOT NULL,
  `pra` varchar(255) NOT NULL,
  `pjo` varchar(255) NOT NULL,
  `bio` varchar(255) NOT NULL,
  `fis` varchar(255) NOT NULL,
  `kim` varchar(255) NOT NULL,
  `mtkp` varchar(255) NOT NULL,
  `geo` varchar(255) NOT NULL,
  `sejp` varchar(255) NOT NULL,
  `sos` varchar(255) NOT NULL,
  `eko` varchar(255) NOT NULL,
  `bsin` varchar(255) NOT NULL,
  `bsing` varchar(255) NOT NULL,
  `bsas` varchar(255) NOT NULL,
  `bsam` varchar(255) NOT NULL,
  `bsaj` varchar(255) NOT NULL,
  `bsps` varchar(255) NOT NULL,
  `bsjp` varchar(255) NOT NULL,
  `bd` varchar(255) NOT NULL
) ENGINE=InnoDB DEFAULT CHARSET=latin1;

--
-- Dumping data for table `smt1`
--

INSERT INTO `smt1` (`nisn`, `namel`, `agama`, `pkn`, `mtk`, `sji`, `bin`, `bing`, `sb`, `pr`, `pjok`, `sbk`, `pra`, `pjo`, `bio`, `fis`, `kim`, `mtkp`, `geo`, `sejp`, `sos`, `eko`, `bsin`, `bsing`, `bsas`, `bsam`, `bsaj`, `bsps`, `bsjp`, `bd`) VALUES
('000099202', '', '80', '', '', '', '', '', '', '', '', '', '', '', '', '', '', '', '', '', '', '', '', '', '', '', '', '', '', ''),
('000541200', '', '90', '90', '90', '90', '90', '90', '90', '90', '90', '90', '90', '90', '90', '90', '90', '90', '90', '90', '90', '90', '90', '90', '90', '90', '90', '90', '90', ''),
('000541812', '', '90', '90', '90', '90', '90', '90', '90', '90', '90', '90', '90', '90', '90', '90', '90', '90', '90', '90', '90', '90', '90', '90', '90', '90', '90', '90', '90', '90'),
('00069696969', '', '89', '89', '87', '67', '87', '58', '67', '87', '54', '87', '98', '78', '96', '78', '78', '90', '90', '90', '90', '90', '78', '65', '54', '87', '65', '87', '65', '87'),
('9000889', 'hiiq', '80', '', '', '', '', '', '', '', '', '', '', '', '', '', '', '', '', '', '', '', '', '', '', '', '', '', '', ''),
('90909090', '', '', '', '', '', '', '', '', '', '', '', '', '78', '', '', '', '', '', '', '', '', '', '', '', '', '', '', 'yayaya', '90'),
('99900999', 'Sinyo', '90', '', '', '', '', '', '', '', '', '', '', '', '', '', '', '', '', '', '', '', '', '', '', '', '', '', '', '');

-- --------------------------------------------------------

--
-- Table structure for table `smt2`
--

CREATE TABLE `smt2` (
  `nisn` varchar(255) NOT NULL,
  `namel` varchar(255) NOT NULL,
  `agama` varchar(255) NOT NULL,
  `pkn` varchar(255) NOT NULL,
  `mtk` varchar(255) NOT NULL,
  `sji` varchar(255) NOT NULL,
  `bin` varchar(255) NOT NULL,
  `bing` varchar(255) NOT NULL,
  `sb` varchar(255) NOT NULL,
  `pr` varchar(255) NOT NULL,
  `pjok` varchar(255) NOT NULL,
  `sbk` varchar(255) NOT NULL,
  `pra` varchar(255) NOT NULL,
  `pjo` varchar(255) NOT NULL,
  `bio` varchar(255) NOT NULL,
  `fis` varchar(255) NOT NULL,
  `kim` varchar(255) NOT NULL,
  `mtkp` varchar(255) NOT NULL,
  `geo` varchar(255) NOT NULL,
  `sejp` varchar(255) NOT NULL,
  `sos` varchar(255) NOT NULL,
  `eko` varchar(255) NOT NULL,
  `bsin` varchar(255) NOT NULL,
  `bsing` varchar(255) NOT NULL,
  `bsas` varchar(255) NOT NULL,
  `bsam` varchar(255) NOT NULL,
  `bsaj` varchar(255) NOT NULL,
  `bsps` varchar(255) NOT NULL,
  `bsjp` varchar(255) NOT NULL,
  `bd` varchar(255) NOT NULL
) ENGINE=InnoDB DEFAULT CHARSET=latin1;

--
-- Dumping data for table `smt2`
--

INSERT INTO `smt2` (`nisn`, `namel`, `agama`, `pkn`, `mtk`, `sji`, `bin`, `bing`, `sb`, `pr`, `pjok`, `sbk`, `pra`, `pjo`, `bio`, `fis`, `kim`, `mtkp`, `geo`, `sejp`, `sos`, `eko`, `bsin`, `bsing`, `bsas`, `bsam`, `bsaj`, `bsps`, `bsjp`, `bd`) VALUES
('000541200', '', '90', '90', '90', '90', '90', '90', '90', '90', '90', '90', '90', '90', '90', '90', '90', '90', '90', '90', '90', '90', '90', '90', '90', '90', '90', '90', '90', ''),
('90909090', '', '90', '80', '', '', '', '', '', '', '', '', '', '', '', '', '', '', '', '', '', '', '', '', '', '', '', '', '', ''),
('99900999', 'Sinyo', '90', '', '', '', '', '', '', '', '', '', '', '', '', '', '', '', '', '', '', '', '', '', '', '', '', '', '', '');

-- --------------------------------------------------------

--
-- Table structure for table `smt3`
--

CREATE TABLE `smt3` (
  `nisn` varchar(255) NOT NULL,
  `namel` varchar(255) NOT NULL,
  `agama` varchar(255) NOT NULL,
  `pkn` varchar(255) NOT NULL,
  `mtk` varchar(255) NOT NULL,
  `sji` varchar(255) NOT NULL,
  `bin` varchar(255) NOT NULL,
  `bing` varchar(255) NOT NULL,
  `sb` varchar(255) NOT NULL,
  `pr` varchar(255) NOT NULL,
  `pjok` varchar(255) NOT NULL,
  `sbk` varchar(255) NOT NULL,
  `pra` varchar(255) NOT NULL,
  `pjo` varchar(255) NOT NULL,
  `bio` varchar(255) NOT NULL,
  `fis` varchar(255) NOT NULL,
  `kim` varchar(255) NOT NULL,
  `mtkp` varchar(255) NOT NULL,
  `geo` varchar(255) NOT NULL,
  `sejp` varchar(255) NOT NULL,
  `sos` varchar(255) NOT NULL,
  `eko` varchar(255) NOT NULL,
  `bsin` varchar(255) NOT NULL,
  `bsing` varchar(255) NOT NULL,
  `bsas` varchar(255) NOT NULL,
  `bsam` varchar(255) NOT NULL,
  `bsaj` varchar(255) NOT NULL,
  `bsps` varchar(255) NOT NULL,
  `bsjp` varchar(255) NOT NULL,
  `bd` varchar(255) NOT NULL
) ENGINE=InnoDB DEFAULT CHARSET=latin1;

--
-- Dumping data for table `smt3`
--

INSERT INTO `smt3` (`nisn`, `namel`, `agama`, `pkn`, `mtk`, `sji`, `bin`, `bing`, `sb`, `pr`, `pjok`, `sbk`, `pra`, `pjo`, `bio`, `fis`, `kim`, `mtkp`, `geo`, `sejp`, `sos`, `eko`, `bsin`, `bsing`, `bsas`, `bsam`, `bsaj`, `bsps`, `bsjp`, `bd`) VALUES
('000541200', '', '90', '90', '90', '90', '90', '90', '90', '90', '90', '90', '90', '90', '90', '90', '90', '90', '90', '90', '90', '90', '90', '90', '90', '90', '90', '90', '90', ''),
('90909090', '', '90', '80', '', '', '', '', '', '', '', '', '', '', '90', '', '', '', '', '', '', '', '', '', '', '', '', '', '', ''),
('99900999', 'Sinyo', '90', '', '', '', '', '', '', '', '', '', '', '', '', '', '', '', '', '', '', '', '', '', '', '', '', '', '', '');

-- --------------------------------------------------------

--
-- Table structure for table `smt4`
--

CREATE TABLE `smt4` (
  `nisn` varchar(255) NOT NULL,
  `namel` varchar(255) NOT NULL,
  `agama` varchar(255) NOT NULL,
  `pkn` varchar(255) NOT NULL,
  `mtk` varchar(255) NOT NULL,
  `sji` varchar(255) NOT NULL,
  `bin` varchar(255) NOT NULL,
  `bing` varchar(255) NOT NULL,
  `sb` varchar(255) NOT NULL,
  `pr` varchar(255) NOT NULL,
  `pjok` varchar(255) NOT NULL,
  `sbk` varchar(255) NOT NULL,
  `pra` varchar(255) NOT NULL,
  `pjo` varchar(255) NOT NULL,
  `bio` varchar(255) NOT NULL,
  `fis` varchar(255) NOT NULL,
  `kim` varchar(255) NOT NULL,
  `mtkp` varchar(255) NOT NULL,
  `geo` varchar(255) NOT NULL,
  `sejp` varchar(255) NOT NULL,
  `sos` varchar(255) NOT NULL,
  `eko` varchar(255) NOT NULL,
  `bsin` varchar(255) NOT NULL,
  `bsing` varchar(255) NOT NULL,
  `bsas` varchar(255) NOT NULL,
  `bsam` varchar(255) NOT NULL,
  `bsaj` varchar(255) NOT NULL,
  `bsps` varchar(255) NOT NULL,
  `bsjp` varchar(255) NOT NULL,
  `bd` varchar(255) NOT NULL
) ENGINE=InnoDB DEFAULT CHARSET=latin1;

--
-- Dumping data for table `smt4`
--

INSERT INTO `smt4` (`nisn`, `namel`, `agama`, `pkn`, `mtk`, `sji`, `bin`, `bing`, `sb`, `pr`, `pjok`, `sbk`, `pra`, `pjo`, `bio`, `fis`, `kim`, `mtkp`, `geo`, `sejp`, `sos`, `eko`, `bsin`, `bsing`, `bsas`, `bsam`, `bsaj`, `bsps`, `bsjp`, `bd`) VALUES
('000541200', '', '90', '90', '90', '90', '90', '90', '90', '90', '90', '90', '90', '90', '90', '90', '90', '90', '90', '90', '90', '90', '90', '90', '90', '90', '90', '90', '90', ''),
('90909090', '', '90', '90', '', '', '', '', '', '', '', '', '', '', '', '', '', '', '', '', '', '', '', '', '', '', '', '', '', ''),
('99900999', 'Sinyo', '90', '', '', '', '', '', '', '', '', '', '', '', '', '', '', '', '', '', '', '', '', '', '', '', '', '', '', '');

-- --------------------------------------------------------

--
-- Table structure for table `smt5`
--

CREATE TABLE `smt5` (
  `nisn` varchar(255) NOT NULL,
  `namel` varchar(255) NOT NULL,
  `agama` varchar(255) NOT NULL,
  `pkn` varchar(255) NOT NULL,
  `mtk` varchar(255) NOT NULL,
  `sji` varchar(255) NOT NULL,
  `bin` varchar(255) NOT NULL,
  `bing` varchar(255) NOT NULL,
  `sb` varchar(255) NOT NULL,
  `pr` varchar(255) NOT NULL,
  `pjok` varchar(255) NOT NULL,
  `sbk` varchar(255) NOT NULL,
  `pra` varchar(255) NOT NULL,
  `pjo` varchar(255) NOT NULL,
  `bio` varchar(255) NOT NULL,
  `fis` varchar(255) NOT NULL,
  `kim` varchar(255) NOT NULL,
  `mtkp` varchar(255) NOT NULL,
  `geo` varchar(255) NOT NULL,
  `sejp` varchar(255) NOT NULL,
  `sos` varchar(255) NOT NULL,
  `eko` varchar(255) NOT NULL,
  `bsin` varchar(255) NOT NULL,
  `bsing` varchar(255) NOT NULL,
  `bsas` varchar(255) NOT NULL,
  `bsam` varchar(255) NOT NULL,
  `bsaj` varchar(255) NOT NULL,
  `bsps` varchar(255) NOT NULL,
  `bsjp` varchar(255) NOT NULL,
  `bd` varchar(255) NOT NULL
) ENGINE=InnoDB DEFAULT CHARSET=latin1;

--
-- Dumping data for table `smt5`
--

INSERT INTO `smt5` (`nisn`, `namel`, `agama`, `pkn`, `mtk`, `sji`, `bin`, `bing`, `sb`, `pr`, `pjok`, `sbk`, `pra`, `pjo`, `bio`, `fis`, `kim`, `mtkp`, `geo`, `sejp`, `sos`, `eko`, `bsin`, `bsing`, `bsas`, `bsam`, `bsaj`, `bsps`, `bsjp`, `bd`) VALUES
('000541200', '', '90', '90', '90', '90', '90', '90', '90', '90', '90', '90', '90', '90', '90', '90', '90', '90', '90', '90', '90', '90', '90', '90', '90', '90', '90', '90', '90', ''),
('90909090', '', '80', '77', '10', '', '', '', '', '', '', '', '', '', '', '', '', '', '', '', '', '', '', '', '', '', '', '', '', ''),
('99900999', 'Sinyo', '90', '', '', '', '', '', '', '', '', '', '', '', '', '', '', '', '', '', '', '', '', '', '', '', '', '', '', '');

--
-- Indexes for dumped tables
--

--
-- Indexes for table `bio`
--
ALTER TABLE `bio`
  ADD PRIMARY KEY (`nisn`);

--
-- Indexes for table `fakultas`
--
ALTER TABLE `fakultas`
  ADD PRIMARY KEY (`id_fakultas`);

--
-- Indexes for table `jurusan`
--
ALTER TABLE `jurusan`
  ADD PRIMARY KEY (`id_jurusan`);

--
-- Indexes for table `login`
--
ALTER TABLE `login`
  ADD PRIMARY KEY (`nisn`);

--
-- Indexes for table `login_guru`
--
ALTER TABLE `login_guru`
  ADD PRIMARY KEY (`username`);

--
-- Indexes for table `simpan`
--
ALTER TABLE `simpan`
  ADD PRIMARY KEY (`id`);

--
-- Indexes for table `smt1`
--
ALTER TABLE `smt1`
  ADD PRIMARY KEY (`nisn`);

--
-- Indexes for table `smt2`
--
ALTER TABLE `smt2`
  ADD PRIMARY KEY (`nisn`);

--
-- Indexes for table `smt3`
--
ALTER TABLE `smt3`
  ADD PRIMARY KEY (`nisn`);

--
-- Indexes for table `smt4`
--
ALTER TABLE `smt4`
  ADD PRIMARY KEY (`nisn`);

--
-- Indexes for table `smt5`
--
ALTER TABLE `smt5`
  ADD PRIMARY KEY (`nisn`);

--
-- AUTO_INCREMENT for dumped tables
--

--
-- AUTO_INCREMENT for table `jurusan`
--
ALTER TABLE `jurusan`
  MODIFY `id_jurusan` int(10) NOT NULL AUTO_INCREMENT, AUTO_INCREMENT=1122;
--
-- AUTO_INCREMENT for table `simpan`
--
ALTER TABLE `simpan`
  MODIFY `id` int(255) NOT NULL AUTO_INCREMENT, AUTO_INCREMENT=14;
/*!40101 SET CHARACTER_SET_CLIENT=@OLD_CHARACTER_SET_CLIENT */;
/*!40101 SET CHARACTER_SET_RESULTS=@OLD_CHARACTER_SET_RESULTS */;
/*!40101 SET COLLATION_CONNECTION=@OLD_COLLATION_CONNECTION */;
